data;typ;tytul;zwyciezca;nip;link_pdf
2026-06-09;ZAMOWIENIE;;;;https://ezamowienia.gov.pl/mo-client-board/bzp/notice-details/id/08dec528-c1b2-fc73-5fad-9500015c6614
2026-06-09;ZAMOWIENIE;Roboty budowlane w zakresie wymiany pokrycia dachowego na budynku głównym Zespołu Szkół Zawodowych im. Kazimierza Pułaskiego w Gorlicach.;;;https://ezamowienia.gov.pl/mp-client/search/list/ocds-148610-e118a0bc-fd95-47d7-a5ff-c098150fd57f
2026-06-09;ZAMOWIENIE;Termomodernizacja budynku sportowego A wraz z wymianą źródła ciepła i budynku sportowego B przy ul. Grota Roweckiego 11 w Działoszynie - w formule zaprojektuj i wybuduj;;;https://ezamowienia.gov.pl/mp-client/search/list/ocds-148610-0975ae5d-4845-4e96-bc3a-632cee1e2e19
2026-06-09;ZAMOWIENIE;"""Budowa zadaszenia, utwardzenie terenu i montaż trybun przy boisku                       w Bełżcu""";;;https://ezamowienia.gov.pl/mp-client/search/list/ocds-148610-135f8192-86a0-4da6-8361-dbb1b54e797e
2026-06-09;ZAMOWIENIE;„Remont dachu budynku Szkoły Podstawowej im. Marszałka Józefa Piłsudskiego w Piątku.”;;;https://ezamowienia.gov.pl/mp-client/search/list/ocds-148610-9297316c-7182-4124-9efd-e38afa01a916
2026-06-09;ZAMOWIENIE;Budowa budynku magazynowego z funkacją ukrycia III kategorii na cele ochrony ludności w Sępólnie Krajeńskim - etap I;;;https://ezamowienia.gov.pl/mp-client/search/list/ocds-148610-89166833-0010-4b20-86e0-a438d06101cc
2026-06-09;ZAMOWIENIE;„Rewitalizacja miejscowości Czarnocin szansą na rozwój – etap I”;;;https://ezamowienia.gov.pl/mp-client/search/list/ocds-148610-d1dfa063-fecd-4c9d-9ba7-ead4263c4279
2026-06-09;ZAMOWIENIE;Opracowanie dokumentacji projektowych dla zadania pn. Budowa budynku magazynowego na nieruchomości w Katowicach przy ul. Powstańców 41a.;;;https://ezamowienia.gov.pl/mp-client/search/list/ocds-148610-e47f7fc7-f23b-4410-959d-72545041e91d
2026-06-09;ZAMOWIENIE;RDW Puławy: „Rozbudowa wiaty biurowo-magazynowej na terenie OD w Kurowie -Rozbudowa i przebudowa budynku biurowo-magazynowego (Etap I)”;;;https://ezamowienia.gov.pl/mp-client/search/list/ocds-148610-acf408ac-d960-4e61-aefa-13e0608bddcf
2026-06-11;ZAMOWIENIE;Przebudowa istniejącego wjazdu i dojścia przy budynku ŚDS, wymiana bramy wjazdowej, przebudowa ogrodzenia przed budynkiem ŚDS;;;https://ezamowienia.gov.pl/mp-client/search/list/ocds-148610-f9584868-32aa-444d-8aaf-0cc51b732554
2026-06-11;ZAMOWIENIE;Remont dachu budynku koszarowego nr 9 w kompleksie wojskowym w Gołdapi.;;;https://ezamowienia.gov.pl/mp-client/search/list/ocds-148610-a9c361bc-b8a7-4b8b-a216-f0809d13781a
2026-06-11;ZAMOWIENIE;Wykonanie robót budowlanych w ramach zadania inwestycyjnego pn.: „Modernizacja pokrycia dachowego  w XVI Liceum Ogólnokształcącym przy ul. ks. J. Popiełuszki 5”.;;;https://ezamowienia.gov.pl/mp-client/search/list/ocds-148610-fe7c9b14-b646-48d8-bb3c-daa7686e9650
2026-06-12;ZAMOWIENIE;Budowa boiska wielofunkcyjnego przy Al. Solidarności w Nowym Targu (w miejscu obecnego skateparku).;;;https://ezamowienia.gov.pl/mp-client/search/list/ocds-148610-572f4dfd-9f57-44a6-b31c-9318e6f71bd2
2026-06-13;ZAMOWIENIE;Modernizacja pokrycia dachowego Przedszkola w Jutrosinie;;;https://ezamowienia.gov.pl/mp-client/search/list/ocds-148610-94ac09bf-f6a1-4db6-9b1a-14673775b93b
2026-06-13;ZAMOWIENIE;Zakup modułowego kontenera magazynowego;;;https://ezamowienia.gov.pl/mp-client/search/list/ocds-148610-737caf63-2064-465e-935c-7c80293f71ff
2026-06-13;ZAMOWIENIE;"Modernizacja kompleksu sportowego ""Moje Boisko Orlik 2012"" wraz z budową sprawnościowego placu zabaw w Głubczycach przy ulicy Jana Kochanowskiego  realizowana w formule ""zaprojektuj i wybuduj""";;;https://ezamowienia.gov.pl/mp-client/search/list/ocds-148610-571fa504-00a5-418b-a627-8460196a382e
2026-06-13;ZAMOWIENIE;„Poprawa efektywności energetycznej budynków Uniwersytetu Przyrodniczego w Poznaniu” w formule zaprojektuj i wybuduj;;;https://ezamowienia.gov.pl/mp-client/search/list/ocds-148610-ba6454c3-4c59-4b90-9a87-6b31a01c6bbe
2026-06-14;ZAMOWIENIE;,,Budowa magazynu na potrzeby ochrony ludności i obrony cywilnej poprzez rozbudowę budynku gminnego w miejscowości Żarczyn”;;;https://ezamowienia.gov.pl/mp-client/search/list/ocds-148610-35aa83c4-995e-462b-8318-345113d92d5d
2026-06-14;ZAMOWIENIE;Roboty budowlane w zakresie wymiany konstrukcji oraz pokrycia dachu w budynku zlokalizowanym przy ul. Półłanki 78 w Krakowie;;;https://ezamowienia.gov.pl/mp-client/search/list/ocds-148610-0342350e-969a-4bb3-8cb0-6c5b0196d562
2026-06-14;ZAMOWIENIE;Termomodernizacja wraz z wymianą pokrycia dachowego w Przedszkolu w Dziergowicach;;;https://ezamowienia.gov.pl/mp-client/search/list/ocds-148610-0621ec23-845a-4e87-9eef-3104c6dd25dd
2026-06-14;ZAMOWIENIE;PROGRAM FUNKCJONALNO-UŻYTKOWY W RAMACH ZADANIA INWESTYCYJNEGO PN. „ROZBUDOWA I PRZEBUDOWA BUDYNKU STAROSTWA POWIATOWEGO W TCZEWIE O MAGAZYN SPRZĘTU OCHRONY LUDNOŚCI I OCHRONY CYW.”;;;https://ezamowienia.gov.pl/mp-client/search/list/ocds-148610-db3df093-210f-472e-9a10-15790958556c
2026-06-14;ZAMOWIENIE;Remont poszycia dachowego pływalni miejskiej NECZK w Kartuzach.;;;https://ezamowienia.gov.pl/mp-client/search/list/ocds-148610-192fbada-dc2d-44d9-8c93-a6bff32ded5b
2026-06-14;ZAMOWIENIE;Remont budynku administracyjnego i dworu Józefa Wybickiego na terenie Muzeum Hymnu Narodowego Będominie (Oddział Muzeum Narodowego w Gdańsku);;;https://ezamowienia.gov.pl/mp-client/search/list/ocds-148610-9fe08938-4171-4d1b-9ba2-aa8b3417b480
2026-06-14;ZAMOWIENIE;Budowa pracowni architektury krajobrazu dla Zespołu Szkół nr 1 w Wieluniu;;;https://ezamowienia.gov.pl/mp-client/search/list/ocds-148610-8f96d8b8-403b-46fc-873f-4dfb85bc4417
2026-06-15;ZAMOWIENIE;Budowa budynku mieszkalnego wielorodzinnego w miejscowości Polanica - Zdrój przy ul. Mickiewicza, dz. nr 84/5, 85/1, 85/2, 84/1, 24 (AM-3), obręb ew.: Nowy Zdrój, jednostka ew. Polanica Zdrój;;;https://ezamowienia.gov.pl/mp-client/search/list/ocds-148610-3a1e9374-affe-475b-9f50-f2814311d71a
2026-06-15;ZAMOWIENIE;Wykonanie systemu instalacji fotowoltaicznej na dachu budynku Wydziałów Zamiejscowych Sądu Rejonowego w Nowym Sączu znajdującego się w Muszynie przy ul. Kity 18A;;;https://ezamowienia.gov.pl/mp-client/search/list/ocds-148610-d7a01e19-bf7c-4142-bd6f-3a50d3a5ff78
2026-06-15;ZAMOWIENIE;Termomodernizacja budynku Ośrodka Pomocy Społecznej w Dzierżoniowie;;;https://ezamowienia.gov.pl/mp-client/search/list/ocds-148610-acb02476-1f0f-4fba-bc7b-2291588f4381
2026-06-15;ZAMOWIENIE;Modernizacja budynku administracyjnego Urzędu Gminy;;;https://ezamowienia.gov.pl/mp-client/search/list/ocds-148610-9fba1fc9-ee06-4bbc-9cb3-69172ab8fc3b
2026-06-15;ZAMOWIENIE;ZP.271.6.2026 Budowa magazynu OL i OC w Pruszczu;;;https://ezamowienia.gov.pl/mp-client/search/list/ocds-148610-a7ac91e7-3a56-476b-8a85-75f3eb7eceaa
2026-06-16;ZAMOWIENIE;Świadczenie usług żywieniowych w Zespole Szkół Maków Podhalański od miesiąca września 2026 do grudnia 2027.;;;https://ezamowienia.gov.pl/mp-client/search/list/ocds-148610-84b2d17e-c91d-4773-a4ed-940c64d428aa
2026-06-16;ZAMOWIENIE;Kompleksowa modernizacja energetyczna Urzędu Gminy w Popielowie;;;https://ezamowienia.gov.pl/mp-client/search/list/ocds-148610-564eaba2-5b5c-4955-8757-a6537be2672c
2026-06-18;ZAMOWIENIE;Zaprojektowanie i budowa hali garażowo-magazynowej OLiOC w Niedzicy dla Gminy Łapsze Niżne;;;https://ezamowienia.gov.pl/mp-client/search/list/ocds-148610-57c07a52-c97d-4471-90c7-f49ca0d5b52c
2026-06-18;ZAMOWIENIE;Remont dachu wraz z robotami towarzyszącymi w budynku gminnym przy;;;https://ezamowienia.gov.pl/mp-client/search/list/ocds-148610-9c9206b9-39b3-4b15-a9ef-3adc679ce03f
2026-06-18;ZAMOWIENIE;Częściowy remont konstrukcji i pokrycia dachowego budynku archiwum;;;https://ezamowienia.gov.pl/mp-client/search/list/ocds-148610-6da56104-6091-4680-b798-9ef4a71913ad
2026-06-18;ZAMOWIENIE;Modernizacja obiektu użyteczności publicznej przy ul. Kolegiackiej 3 w Warszawie;;;https://ezamowienia.gov.pl/mp-client/search/list/ocds-148610-fc7de46b-c852-474d-9191-48635af40848
2026-06-19;ZAMOWIENIE;Dostawa i montaż specjalistycznego kontenera do magazynowania cieczy łatwopalnych i produktów ropopochodnych;;;https://ezamowienia.gov.pl/mp-client/search/list/ocds-148610-de56cc61-f921-42a6-92a5-fd0ad955df20
2026-06-19;ZAMOWIENIE;Wymiana poduszek dachu membranowego z wymianą osprzętu, przeglądem pozostałych poduszek oraz naprawą drobnych uszkodzeń i ubytków;;;https://ezamowienia.gov.pl/mp-client/search/list/ocds-148610-33e34a30-e481-4e51-9210-4201074434fb
2026-06-20;ZAMOWIENIE;Budowa magazynu obrony cywilnej na terenie Gminy Sułkowice (projekt wraz z budową);;;https://ezamowienia.gov.pl/mp-client/search/list/ocds-148610-6fa651d4-7281-49b8-b38a-9ba46f868bd3
2026-06-20;ZAMOWIENIE;Budowa wiaty magazynowej na mieszankę piaskowo-solną na terenie ZDP w Aleksandrówce;;;https://ezamowienia.gov.pl/mp-client/search/list/ocds-148610-56ea4637-b3bc-4e00-8fa4-b7d7e377e22f
2026-06-20;ZAMOWIENIE;„Zazielenienie infrastruktury miejskiej, dachów i murów”;;;https://ezamowienia.gov.pl/mp-client/search/list/ocds-148610-f69be8d4-eccd-4d72-9748-b2e34cbebec9
2026-06-20;ZAMOWIENIE;„Modernizacja punktu selektywnej zbiórki odpadów komunalnych dla Miasta i Gminy Kazimierza Wielka.”;;;https://ezamowienia.gov.pl/mp-client/search/list/ocds-148610-65c078c7-0635-4171-bf5f-f440f96910f8
2026-06-21;ZAMOWIENIE;NAPRAWA POKRYCIA DACHOWEGO BUDYNKU NR 33 W KOMPLEKSIE WOJSKOWYM W OLEŚNICY PRZY UL. WILEŃSKIEJ 14;;;https://ezamowienia.gov.pl/mp-client/search/list/ocds-148610-cc86237d-2c01-4400-8b87-136c2bfa9a68
2026-06-21;ZAMOWIENIE;"Modernizacja gminnego magazynu i adaptacja pomieszczeń znajdujących się w Pietrowicach 14 do pełnienia funkcji koordynacji działań pomocowych dla ludności - w formule ""zaprojektuj i wybuduj"".";;;https://ezamowienia.gov.pl/mp-client/search/list/ocds-148610-63d73a9b-e8e7-4e52-a73a-d77bab40616c
2026-06-21;ZAMOWIENIE;Budowa bazy magazynowej ochrony ludności i obrony cywilnej w Karpaczu w ramach rozbudowy Administracyjnego Centrum Zarządzania Miasta;;;https://ezamowienia.gov.pl/mp-client/search/list/ocds-148610-d11dc6a1-d483-4aa2-8cbf-ed1cf4f68707
2026-06-21;ZAMOWIENIE;Remont czapek kominowych i instalacji odgromowej na dachu budynku ul. Oczapowskiego 14 UWM w Olsztynie.;;;https://ezamowienia.gov.pl/mp-client/search/list/ocds-148610-3d2beab9-6e5b-4e73-9c01-d819af9814a4
2026-06-21;ZAMOWIENIE;Termomodernizacja budynku Urzędu Gminy w Godowie;;;https://ezamowienia.gov.pl/mp-client/search/list/ocds-148610-7486714e-bba8-418c-9903-035c47df843c
2026-06-22;ZAMOWIENIE;Budowa budynku mieszkalnego wielorodzinnego wraz z niezbędną infrastrukturą w Sławie przy ul. Obrońców Pokoju z realizacją na działce nr ew. 262/126 obręb Sława;;;https://ezamowienia.gov.pl/mp-client/search/list/ocds-148610-ce793b99-95ce-45c3-b0c5-2649db834ec4
2026-06-22;ZAMOWIENIE;„Odbiór, transport i zagospodarowanie odpadów o kodach: 20 01 32, 16 01 03.” Znak sprawy: 02/RZP/SWZ/2026.;;;https://ezamowienia.gov.pl/mp-client/search/list/ocds-148610-15ce928c-5335-45ac-ada1-5c69c7cf6527
2026-06-22;ZAMOWIENIE;Modernizacja sieci ciepłowniczych wraz z budową gminnych źródeł ciepła w oparciu o OZE na terenie Gminy Daszyna – II części;;;https://ezamowienia.gov.pl/mp-client/search/list/ocds-148610-9efabcdd-0696-4213-9212-711194ec7cc9
2026-06-22;ZAMOWIENIE;„Budowa cmentarza komunalnego w Strzelcach Krajeńskich – etap I”;;;https://ezamowienia.gov.pl/mp-client/search/list/ocds-148610-8b3f804b-a0eb-4bb9-aaeb-b94276d745a6
2026-06-22;ZAMOWIENIE;WYKONANIE PRAC REMONTOWYCH W BUDYNKACH;;;https://ezamowienia.gov.pl/mp-client/search/list/ocds-148610-993ef1b3-acee-47b0-8a02-b9dd4f2c2bbd
2026-06-24;ZAMOWIENIE;Wymiana pokrycia dachu i remont elewacji budynku biurowego Nadleśnictwa Ciechanów,  nr inw. 105/045;;;https://ezamowienia.gov.pl/mp-client/search/list/ocds-148610-d2b30f0e-3cb5-4f04-8823-674f2d9286b1
2026-06-25;ZAMOWIENIE;Budowa kompleksu sportowego ORLIK w Rozwadzy;;;https://ezamowienia.gov.pl/mp-client/search/list/ocds-148610-f1053e1b-34dc-48d1-8f00-c821288c868b
2026-06-25;ZAMOWIENIE;Wzmocnienie efektywności energetycznej budynku Gminnej Biblioteki i Ośrodka Kultury w Borzytuchomiu;;;https://ezamowienia.gov.pl/mp-client/search/list/ocds-148610-24048241-4a6d-418b-90d5-30b30a8a22f1
2026-06-25;ZAMOWIENIE;„Przebudowa, rozbudowa wraz z zadaszeniem trybun z fotowoltaiką z magazynem energii przy stadionie sportowym w Radomyślu Wielkim”;;;https://ezamowienia.gov.pl/mp-client/search/list/ocds-148610-d03b38c0-f7c9-4f6a-8600-ae5db341d9e0
2026-06-25;ZAMOWIENIE;Utworzenie w istniejącym magazynie, warsztatu naprawczego – tzw. drugie życie wraz z ścieżką edukacyjną (błękitno-zielona infrastruktura PSZOK);;;https://ezamowienia.gov.pl/mp-client/search/list/ocds-148610-7731bd6b-14e1-415e-8d65-7d208c892db9
2026-06-25;ZAMOWIENIE;Modernizacja dachu budynku biurowego MBP przy ul. Łukasiewicza 8 w Szczecinie;;;https://ezamowienia.gov.pl/mp-client/search/list/ocds-148610-1f6e456d-fb7b-45da-ae1a-131ed791a889
2026-06-25;ZAMOWIENIE;Modernizacja budynku Gminnego Przedszkola przy ul. Poprzecznej 5 w Owińskach obejmująca w szczególności dach;;;https://ezamowienia.gov.pl/mp-client/search/list/ocds-148610-8bc48c26-7ea8-4e7e-a175-ea5bfa757f18
2026-06-25;ZAMOWIENIE;Poprawa wydajności energetycznej obiektu Szkoły Podstawowej im. Juliana Tuwima w Ostrowie;;;https://ezamowienia.gov.pl/mp-client/search/list/ocds-148610-0490ac06-37bd-447c-a37b-c718f3a9b73e
2026-06-25;ZAMOWIENIE;Modernizacja budynku świetlicy wiejskiej w miejscowości Rogowo;;;https://ezamowienia.gov.pl/mp-client/search/list/ocds-148610-9c67c61b-eab6-43f2-b145-64729d49ad33
2026-06-26;ZAMOWIENIE;Budowa instalacji fotowoltaicznej z systemem magazynowania energii na budynkach biurowo-administracyjnych Nadleśnictwa Oborniki Śląskie w formule ,,zaprojektuj i wybuduj”;;;https://ezamowienia.gov.pl/mp-client/search/list/ocds-148610-8be35b15-10f1-452f-8c23-2de406ec4b8e
2026-06-26;ZAMOWIENIE;„Wymiana nawierzchni na schodach zewnętrznych wraz z dostosowaniem podjazdu dla osób z niepełnosprawnościami – wejście główne i oznaczeniem miejsc postojowych dla osób ze szczególnymi potrzebami”;;;https://ezamowienia.gov.pl/mp-client/search/list/ocds-148610-0d5b1c01-6a88-468b-b644-9ecfb56e56f4
2026-06-26;ZAMOWIENIE;Rozwój energetyki rozproszonej opartej o odnawialne źródła energii;;;https://ezamowienia.gov.pl/mp-client/search/list/ocds-148610-21c61c49-bad2-4c88-86c2-b15ee01060ea
2026-06-26;ZAMOWIENIE;Remont elewacji oraz dachu w budynku mieszkalnym wielorodzinnym przy ul. Kilińskiego 11 w Chojnowie, działka nr 87, obręb 6, jednostka ewidencyjna 020901_1 Chojnów;;;https://ezamowienia.gov.pl/mp-client/search/list/ocds-148610-49da466b-b278-4bee-9e80-d8a520b5b05d
2026-06-26;ZAMOWIENIE;Międzyrzecz, ul. Malczewskiego 4 A-E – remont lukarn dachowych;;;https://ezamowienia.gov.pl/mp-client/search/list/ocds-148610-e6e1a64f-d278-435f-9741-642a5f8d200b
2026-06-26;ZAMOWIENIE;Wykonanie remontu dachu w budynku Miejskiego Przedszkola nr 7 ul.Mireckiego 25A w Częstochowie;;;https://ezamowienia.gov.pl/mp-client/search/list/ocds-148610-2bcd1445-f0f4-4e0f-b74f-3cafffeaac14
2026-06-27;ZAMOWIENIE;Dostosowanie budynku na magazyn OLiOC wraz z modernizacją nawierzchni przy budynku oraz ogrodzeniem terenu;;;https://ezamowienia.gov.pl/mp-client/search/list/ocds-148610-aa1bd702-9321-481e-af48-5d36ba74bd41
2026-06-27;ZAMOWIENIE;Budowa budynku świetlicy wiejskiej m. Grabno, gmina Ustka;;;https://ezamowienia.gov.pl/mp-client/search/list/ocds-148610-41d5e2fe-5936-4aaf-836e-d08cb97e0c58
2026-06-27;ZAMOWIENIE;Dostawa regałów magazynowych, taboretów oraz krzeseł laboratoryjnych;;;https://ezamowienia.gov.pl/mp-client/search/list/ocds-148610-9e8e8064-5abc-4729-b3c8-79d316a8e08b
2026-06-28;ZAMOWIENIE;Modernizacja, naprawa infrastruktury do ujmowania, uzdatniania i dystrybucji wody;;;https://ezamowienia.gov.pl/mp-client/search/list/ocds-148610-0f063671-b135-4430-888e-2da852370926
2026-06-28;ZAMOWIENIE;Przebudowa budynku gospodarczego na budynek magazynowy OLiOC w ramach zwiększenia gotowości Gminy Siedlisko na wypadek zagrożeń i sytuacji kryzysowych;;;https://ezamowienia.gov.pl/mp-client/search/list/ocds-148610-7076c1fa-3b87-47ea-b89a-5bfa549a445a
2026-06-28;ZAMOWIENIE;Modernizacja budynku gospodarczego na potrzeby magazynu Obrony Cywilnej;;;https://ezamowienia.gov.pl/mp-client/search/list/ocds-148610-d0c6cdfb-4df3-44f5-a31e-1d9b87d51145
2026-06-28;ZAMOWIENIE;Remont budynku użytkowego przy al. Krasińskiego 23 w Krakowie- etap I – remont świetlika w dachu oraz ścian ponad dachem wraz z robotami towarzyszącymi;;;https://ezamowienia.gov.pl/mp-client/search/list/ocds-148610-f2c5ef50-e183-4926-93c0-6799bae360c3
2026-06-28;ZAMOWIENIE;Wykonanie kompleksu sportowo – rekreacyjnego wraz z zapleczem szatni i sanitariatami w miejscowości Kunów;;;https://ezamowienia.gov.pl/mp-client/search/list/ocds-148610-4bd66982-d9d8-445a-81ae-e56326200dfa
2026-06-28;ZAMOWIENIE;Remont pokrycia dachowego w budynku położonym przy ul. Drzymały nr 11, 13 i 15 w Chojnicach;;;https://ezamowienia.gov.pl/mp-client/search/list/ocds-148610-945d28a6-b3b8-4fd8-892f-3526682b0095
2026-06-28;ZAMOWIENIE;Wymiana pokrycia dachu budynku świetlicy wiejskiej w Słoneczniku;;;https://ezamowienia.gov.pl/mp-client/search/list/ocds-148610-a9447809-6a26-419b-9028-155b43eea2af
2026-06-28;ZAMOWIENIE;Nadzór inwestorski nad zadaniem pn.: „FSZ – Działanie nr 4 – Poprawa efektywności energetycznej budynków oświatowych na terenie Gminy Miejskiej Jarosław” – Termomodernizacja MP nr 4;;;https://ezamowienia.gov.pl/mp-client/search/list/ocds-148610-f6c8dcab-2e26-49d8-a7e6-605e3e827e29
2026-06-29;ZAMOWIENIE;Modernizacja świetlicy wiejskiej w Łukomiu, gm. Rościszewo;;;https://ezamowienia.gov.pl/mp-client/search/list/ocds-148610-8c83da52-75ef-46c3-a5c2-4ccb6271853d
2026-06-29;ZAMOWIENIE;WYKONANIE PILNYCH ROBÓT BUDOWLANYCH BRANŻY OGÓLNOBUDOWLANEJ, DEKARSKIEJ, ELEKTRYCZNEJ I INSTALACYJNEJ W BUDYNKACH I LOKALACH STANOWIĄCYCH WŁASNOŚĆ GMINY MIASTO LĘBORK;;;https://ezamowienia.gov.pl/mp-client/search/list/ocds-148610-13d97b0d-965b-4f04-81bc-ba7c251494b7
2026-06-29;ZAMOWIENIE;„Termomodernizacja wraz z rozbudową budynku Ochotniczej Straży Pożarnej w Czarnowie”(3);;;https://ezamowienia.gov.pl/mp-client/search/list/ocds-148610-43dbbe4d-9e0b-4e51-ae02-ad8cc3abb0ef
2026-06-29;ZAMOWIENIE;BUDOWA WIATY MAGAZYNOWEJ WRAZ Z UTWARDZENIEM PLACU MANEWROWEGO W MIEJSCOWOŚCI OLESNO;;;https://ezamowienia.gov.pl/mp-client/search/list/ocds-148610-49c68d54-4cea-4d00-87dc-f1ec4e831819
2026-06-29;ZAMOWIENIE;Innowacyjne rozwiązania OZE dla WIKM Sp. z o.o. polegające na budowie instalacji fotowoltaicznej z magazynem energii oraz gruntowej pompy ciepła;;;https://ezamowienia.gov.pl/mp-client/search/list/ocds-148610-d93fbeb9-3e8f-49c5-9dab-2609063ff228
2026-06-29;ZAMOWIENIE;Przebudowa Sali przy Zespole Szkół w Goleniowach;;;https://ezamowienia.gov.pl/mp-client/search/list/ocds-148610-6ab424d9-0fdd-4b77-b48b-41f60ef3dd75
2026-07-02;ZAMOWIENIE;Remont ogrodzenia na terenie drogowego przejścia granicznego Połowce - Pieszczatka;;;https://ezamowienia.gov.pl/mp-client/search/list/ocds-148610-a11503d2-77b3-4c69-b055-a8864fbf0be2
2026-07-02;ZAMOWIENIE;Dostawa urządzenia do magazynowania energii na sprężone powietrze dla Wydziału Inżynierii Mechanicznej i Okrętownictwa Politechniki Gdańskiej;;;https://ezamowienia.gov.pl/mp-client/search/list/ocds-148610-5646354b-79b1-4915-bc82-d97fa6233f48
2026-07-02;ZAMOWIENIE;Roboty remontowe w Domu Studenta nr 6 przy ul. Radomskiej 11 w Warszawie;;;https://ezamowienia.gov.pl/mp-client/search/list/ocds-148610-9c8b4956-a7c5-48c2-8dfd-cb10592c1557
2026-07-02;ZAMOWIENIE;Budowa magazynu OLiOC w Gminie Kornowac;;;https://ezamowienia.gov.pl/mp-client/search/list/ocds-148610-26dfcdf1-5783-413a-81c8-b507bd49bb1a
2026-07-03;ZAMOWIENIE;„Modernizacja magazynu ZZM przy ulicy Kościuszki 138 w Katowicach”;;;https://ezamowienia.gov.pl/mp-client/search/list/ocds-148610-e1439864-f5bd-4d54-bed5-366d850d41a5
2026-07-03;ZAMOWIENIE;„Poprawa zabezpieczenia logistycznego na terenie gminy Prostki poprzez zapewnienie ciągłości dostaw zasobów ochrony ludności - Budowa budynku magazynowego  w miejscowości Bobry”;;;https://ezamowienia.gov.pl/mp-client/search/list/ocds-148610-489dd3c5-c3b7-4714-9a3b-e4546efbf818
2026-07-03;ZAMOWIENIE;Budowa mikroinstalacji fotowoltaicznej oraz modernizacja kotłowni gazowej w Szkole Podstawowej w Tomicach w ramach projektu „Termomodernizacja budynku Szkoły Podstawowej w Tomicach”;;;https://ezamowienia.gov.pl/mp-client/search/list/ocds-148610-1eb17f60-60a3-4b25-b48e-cbdcddfe0bd1
2026-07-03;ZAMOWIENIE;Modernizacja elewacji budynku Szkoły Podstawowej w Dukli przy ul. Kościuszki;;;https://ezamowienia.gov.pl/mp-client/search/list/ocds-148610-b79bdc76-019b-4ab2-9e8b-29da1dc64295
2026-07-03;ZAMOWIENIE;Roboty budowlane w budynku Urzędu Skarbowego w Chełmnie;;;https://ezamowienia.gov.pl/mp-client/search/list/ocds-148610-601052a9-7a92-4810-b19f-26d61bfdaec5
2026-07-04;ZAMOWIENIE;„Remont południowej części dachu wraz z montażem instalacji PV na dachu budynku A22 – Wydziału Mechanicznego Politechniki Łódzkiej w formule zaprojektuj i wybuduj”;;;https://ezamowienia.gov.pl/mp-client/search/list/ocds-148610-ce2eb80d-004a-4846-84df-6edebd6379fc
2026-07-04;ZAMOWIENIE;Sukcesywna dostawa wraz z transportem, rozładowaniem i wniesieniem do magazynów stołówek szkolnych Zespołu Szkolno-Przedszkolnego w Brzyskach i Błażkowej artykułów żywnościowych;;;https://ezamowienia.gov.pl/mp-client/search/list/ocds-148610-9eeaf517-fd04-41e9-bbe2-bc25fd81749b
2026-07-04;ZAMOWIENIE;Rozbudowa istniejącej instalacji fotowoltaicznej o mocy 48,22 kW do 148,22 kW na obiekcie Stacji Uzdatniania Wody w Krzepicach;;;https://ezamowienia.gov.pl/mp-client/search/list/ocds-148610-728b3b61-8a0f-456c-acb9-9b7c54185a04
2026-07-05;ZAMOWIENIE;Wykonanie  dokumentacji technicznej  i budowa magazynu OLiOC w miejscowości Jabłonka” w formule zaprojektuj i wybuduj;;;https://ezamowienia.gov.pl/mp-client/search/list/ocds-148610-72654f28-8c75-46e3-9fc4-9f0a8888f5e9
2026-07-05;ZAMOWIENIE;Dostawa z montażem magazynu kontenerowego wraz z przynależną infrastrukturą w ramach zadania pn. „Budowa budynku magazynowego wraz z niezbędną infrastrukturą techniczną”;;;https://ezamowienia.gov.pl/mp-client/search/list/ocds-148610-7b27fee9-e8e0-4cab-aba6-083710a7bbc6
2026-07-05;ZAMOWIENIE;36/PA/2026 Remont dachu na budynku użytkowym położonym przy ul. Parkowej 6-10 w Bydgoszczy zarządzanym przez Administrację Domów Miejskich „ADM” Sp. z o.o.;;;https://ezamowienia.gov.pl/mp-client/search/list/ocds-148610-50f7b7b8-e533-4e23-be1f-502e429b31f7
2026-07-05;ZAMOWIENIE;Remont zabytkowej stodoły przy ul. Dworcowej 1 w Rucianem-Nidzie nr inw. 108/224;;;https://ezamowienia.gov.pl/mp-client/search/list/ocds-148610-762a901c-5314-443d-ad1a-05bbab567153
2026-07-05;ZAMOWIENIE;Budowa świetlicy wiejskiej w Kozłowie;;;https://ezamowienia.gov.pl/mp-client/search/list/ocds-148610-d79bdfd5-8036-4624-9550-ef64d1561387
2026-07-05;ZAMOWIENIE;„Wykonanie robót budowlanych w celu dostosowania budynku do pełnienia funkcji magazynu OL i OC”;;;https://ezamowienia.gov.pl/mp-client/search/list/ocds-148610-89cb9d21-501b-4712-941a-3c3c87cbad0a
2026-07-05;ZAMOWIENIE;Termomodernizacja gminnych budynków Gminy Kłodawa;;;https://ezamowienia.gov.pl/mp-client/search/list/ocds-148610-f4985328-6a01-49a6-80ee-cc96cf5e2f74
2026-07-06;ZAMOWIENIE;„Wykorzystanie potencjału endogenicznego Gminy Choszczno poprzez zagospodarowanie Jeziora Klukom na cele turystyczno-rekreacyjne w systemie „zaprojektuj i wybuduj””;;;https://ezamowienia.gov.pl/mp-client/search/list/ocds-148610-a77a8f5c-cdae-4c9f-ab5d-cb6d4f8dd461
2026-07-06;ZAMOWIENIE;Remont dachu i stropu dworku - muzeum im. bł. Edmunda Bojanowskiego;;;https://ezamowienia.gov.pl/mp-client/search/list/ocds-148610-89a47756-8279-44de-bb62-737d83daf89c
2026-07-06;ZAMOWIENIE;"""Termomodernizacja wraz z wymianą źródła ciepła budynku OSP w Pogwizdowie, gmina Paszowice""";;;https://ezamowienia.gov.pl/mp-client/search/list/ocds-148610-347d478f-900b-4786-86fb-df31d974a32c
2026-07-06;ZAMOWIENIE;Remont ogrodzenia terenu.;;;https://ezamowienia.gov.pl/mp-client/search/list/ocds-148610-1d6e56f0-1375-4888-970e-a2f08fa9b35f
2026-07-06;ZAMOWIENIE;REMONT POMIESZCZEŃ WRAZ Z TERMOMODERNIZACJĄ ŚCIAN  ORAZ REMONTEM DACHU BUDYNKU SZKOŁY ZESPOŁU SZKÓŁ ŻEGLUGI ŚRÓDLĄDOWEJ IM. KMDR. BOLESŁAWA ROMANOWSKIEGOW NAKLE NAD NOTECIĄ – SKRZYDŁO WSCHODNIE;;;https://ezamowienia.gov.pl/mp-client/search/list/ocds-148610-a068b1fd-6db9-4fa0-859a-b859648ff41c
2026-07-06;ZAMOWIENIE;Remont i konserwacja istniejących płotów szczelnych drewnianych oraz remont odłowni w Ośrodku Hodowli Żubrów Białowieskiego Parku Narodowego;;;https://ezamowienia.gov.pl/mp-client/search/list/ocds-148610-99fe78a6-760c-4cdf-95fa-be3542e48f55
2026-07-07;ZAMOWIENIE;„Wymiana źródeł ciepła w budynkach Specjalnego Ośrodka Szkolno-Wychowawczego  w Bogumiłku na źródła oparte o powietrzne pompy ciepła wraz z instalacją fotowoltaiczną oraz magazynami energii”;;;https://ezamowienia.gov.pl/mp-client/search/list/ocds-148610-9c82ab53-d500-443b-9b26-ad9554c2a03d
2026-07-08;ZAMOWIENIE;„Rozbudowa i przebudowa budynku administracyjnego Nadleśnictwa Cybinka – kontynuacja - III postępowanie”;;;https://ezamowienia.gov.pl/mp-client/search/list/ocds-148610-ce341127-fb19-479c-a5b0-8991c743a479
2026-07-08;ZAMOWIENIE;Rozbudowa i przebudowa budynku administracyjno–biurowego;;;https://ezamowienia.gov.pl/mp-client/search/list/ocds-148610-5a54a9b9-b7a4-4f47-a4ed-17401fae4052
2026-07-08;ZAMOWIENIE;Budowa budynku pow. magazynu OliOC wraz z instalacjami: elekt.,odgromową, teletech., wodociągową, kanalizacji sanitarnej i deszczowej, grzewczą, wentylacji, klimatyzacji i zagospodarowaniem terenu.;;;https://ezamowienia.gov.pl/mp-client/search/list/ocds-148610-e48cfdc9-4f09-4460-9e5e-19d597080c8a
2026-07-09;ZAMOWIENIE;„Modernizacja kompleksu sportowo-rekreacyjnego przy Szkole Podstawowej Stowarzyszenia Przyjaciół Szkół Katolickich im. Św. Dzieci z Fatimy w Makowie Podhalańskim - MIRS 2026 – Priorytet I”;;;https://ezamowienia.gov.pl/mp-client/search/list/ocds-148610-a5077055-6906-4157-8407-21ea461428a2
2026-07-09;ZAMOWIENIE;Modernizacja bazy magazynowej na potrzeby Obrony Cywilnej.;;;https://ezamowienia.gov.pl/mp-client/search/list/ocds-148610-d7f1fbdf-10d4-4cd3-bd67-9b9a8d35fa62
2026-07-09;ZAMOWIENIE;„Modernizacja schodów ewakuacyjnych z zadaszeniem” w ramach realizacji projektu pn. Modernizacja obiektu Aquaparku Granit Strzelin na potrzeby sportowców”;;;https://ezamowienia.gov.pl/mp-client/search/list/ocds-148610-07b4705f-a9f5-44f2-b64d-3e368e2776f1
2026-07-09;ZAMOWIENIE;Budowa magazynu ochrony ludności i obrony cywilnej wraz z wyposażeniem;;;https://ezamowienia.gov.pl/mp-client/search/list/ocds-148610-c0244ea7-2aa7-4ce5-b388-ce16ba6e5eea
2026-07-09;ZAMOWIENIE;28/TP/2026 Montaż  i naprawy ogumienia w maszynach i pojazdach należących do Zakładu Utylizacyjnego Sp. z o.o.;;;https://ezamowienia.gov.pl/mp-client/search/list/ocds-148610-4b9c7736-4c9a-4d61-9bdc-4e02a93fc304
2026-07-10;ZAMOWIENIE;Naprawa dachu budynku nr 5 w kompleksie przy al. Wojska Polskiego 250 w Szczecinie;;;https://ezamowienia.gov.pl/mp-client/search/list/ocds-148610-9fa2672e-b0e1-46b6-bec9-8777362ce546
2026-07-10;ZAMOWIENIE;Budowa połączenia drogowego ul. Kalwaryjskiej i ul. Strzeleckiej w Wejherowie w ramach zadania „Gminny Program Rewitalizacji Miasta Wejherowa”;;;https://ezamowienia.gov.pl/mp-client/search/list/ocds-148610-c9a34bf8-1d95-4a96-b501-5738368184ca
2026-07-10;ZAMOWIENIE;Remont elewacji magazynu zbożowego (nr 167 ewidencji bud.) w Czartołomiu dla Zakładu Doświadczalnego IHAR-PIB w Nieżychowicach;;;https://ezamowienia.gov.pl/mp-client/search/list/ocds-148610-22852aac-af90-48ae-b449-d0358b031252
2026-07-10;ZAMOWIENIE;Budowa budynku magazynowego na potrzeby Ochrony Ludności i Obrony Cywilnej;;;https://ezamowienia.gov.pl/mp-client/search/list/ocds-148610-6e2651f3-25f3-4855-b6bc-c776b202b204
2026-07-10;ZAMOWIENIE;Wykonanie instalacji fotowoltaicznej w budynku Przedszkola nr 4 w Ustroniu w ramach zadań inwestycyjnych pn.: Budowa odnawialnych źródeł energii w mieście Ustroń oraz Modernizacja obiektu P-4 (dach);;;https://ezamowienia.gov.pl/mp-client/search/list/ocds-148610-dcdc9a7e-a70d-45f6-88b9-a3b897a3468d
2026-07-10;ZAMOWIENIE;Kompleksowa termomodernizacja budynku komunalnego wraz z rozbiórką budynków magazynowych, gospodarczych i przybudówek zlokalizowanych przy ul. Przemysłowej 38 w Wejherowie;;;https://ezamowienia.gov.pl/mp-client/search/list/ocds-148610-55cd39ca-9a5c-40d3-97b0-2853cea54c1a
2026-07-11;ZAMOWIENIE;Remont i przebudowa targowiska przy ul. Władysława Skoczylasa we Wrocławiu.;;;https://ezamowienia.gov.pl/mp-client/search/list/ocds-148610-919e9aed-4840-4cb8-a3f2-e315de9cd5ec
2026-07-11;ZAMOWIENIE;Budowa strategicznego obiektu logistyczno-magazynowego.;;;https://ezamowienia.gov.pl/mp-client/search/list/ocds-148610-651de8b4-e7ed-484d-8924-79442e0f4581
2026-07-11;ZAMOWIENIE;Poprawa funkcjonalności i dostępności małej infrastruktury publicznej placów zabaw w Gminie Maków Podhalański w ramach realizacji zadania: Modernizacja placów zabaw na terenie Gminy;;;https://ezamowienia.gov.pl/mp-client/search/list/ocds-148610-978da423-de04-485c-97f7-37b3135ed90a
2026-07-11;ZAMOWIENIE;Zmiana sposobu użytkowania wraz z rozbudową i przebudową części obiektu budowlanego (wiaty magazynowej) na budynek garażowo-magazynowy ...;;;https://ezamowienia.gov.pl/mp-client/search/list/ocds-148610-246478b4-27df-49d7-96bc-818bdbb05fd5
2026-07-12;ZAMOWIENIE;Modernizacja nawierzchni na dojazdach do przejazdu kolejowego w DP2741W;;;https://ezamowienia.gov.pl/mp-client/search/list/ocds-148610-679645a7-6b1e-4a9c-bb77-d2318ac3f950
2026-07-12;ZAMOWIENIE;Termomodernizacja budynku OSP Rybnik-Grabownia wraz z budową mikroinstalacji fotowoltaicznej (...);;;https://ezamowienia.gov.pl/mp-client/search/list/ocds-148610-fe4e31fa-256e-4ea5-bd79-dbdf3fefa368
2026-07-12;ZAMOWIENIE;Modernizacja świetlicy wiejskiej w Baryczy na potrzeby społeczności lokalnej;;;https://ezamowienia.gov.pl/mp-client/search/list/ocds-148610-2ded8aec-bbdb-40b6-8c96-3133064dae53
2026-07-12;ZAMOWIENIE;Modernizacja i dostosowanie istniejących budynków Referatu Służb Technicznych,  prace adaptacyjne i remontowe pomieszczeń na potrzeby pozyskania przestrzeni magazynowej do przechowywania sprzętu;;;https://ezamowienia.gov.pl/mp-client/search/list/ocds-148610-c391f95f-6172-491d-93dd-90a6a4972dc0
2026-07-12;ZAMOWIENIE;Modernizacja budynków magazynowych przy ul. Berdychowskiej - działka 3357/9  oraz 3357/14;;;https://ezamowienia.gov.pl/mp-client/search/list/ocds-148610-18a5a244-265d-458f-a205-85545d471b58
2026-07-12;ZAMOWIENIE;„Dostawa agregatów prądotwórczych do jednostek na terenie Gminy Tomaszów Lubelski;;;https://ezamowienia.gov.pl/mp-client/search/list/ocds-148610-247eeab8-e550-47a6-bd7f-30bd128f466a
2026-07-12;ZAMOWIENIE;„Budowa boiska wielofunkcyjnego i urządzeń  typu „WORKOUT”;;;https://ezamowienia.gov.pl/mp-client/search/list/ocds-148610-2305abae-e462-45c2-b56a-2a19f1947d93
2026-07-12;ZAMOWIENIE;Remont i docieplenie budynku Przedszkola nr 110 przy ul. Gołężyckiej 4a we Wrocławiu;;;https://ezamowienia.gov.pl/mp-client/search/list/ocds-148610-b922c1d8-3bfc-42a1-a75c-a63791047811
2026-07-12;ZAMOWIENIE;"""Budowa hali magazynowo - garażowej wraz z infrastrukturą towarzyszącą służącej Obronie Cywilnej i Ochronie Ludności oraz dostawa i montaż kontenera podwójnego: część II–dostawa i montaż kontenera""";;;https://ezamowienia.gov.pl/mp-client/search/list/ocds-148610-2202237e-9bf6-4e10-b6cc-e7e82571746a
2026-07-12;ZAMOWIENIE;Roboty budowlane w zakresie remontu pokrycia dachowego w budynku nr 6 (magazyn) znajdującym się w kompleksie wojskowym Skład Stężyca  Nr 25/26/P.;;;https://ezamowienia.gov.pl/mp-client/search/list/ocds-148610-0bbd968b-93c0-4c20-84fd-d14bf497784f
2026-07-12;ZAMOWIENIE;Budowa Magazynu Obrony Cywilnej na terenie gminy Laskowa, w miejscowości Ujanowice;;;https://ezamowienia.gov.pl/mp-client/search/list/ocds-148610-954babcf-2172-41c5-81ce-ae06fca49891
2026-07-13;ZAMOWIENIE;„Budowa dwóch drewnianych budynków mieszkalnych jednorodzinnych w zabudowie bliźniaczej w miejscowości Tuczna”;;;https://ezamowienia.gov.pl/mp-client/search/list/ocds-148610-fed7cbea-dd1c-4aab-b651-19a8ee814712
2026-07-13;ZAMOWIENIE;Przebudowa przegród zewnętrznych w zakresie docieplenia części dachu oraz stropów i ścian w obrębie strychu w budynku IV Liceum Ogólnokształcącego im. T. Kościuszki w Krakowie;;;https://ezamowienia.gov.pl/mp-client/search/list/ocds-148610-d4c82cef-ddb8-48e4-bab5-c931fa7917e6
2026-07-14;ZAMOWIENIE;Zakup kontenerów w ramach  programu OLiOC :;;;https://ezamowienia.gov.pl/mp-client/search/list/ocds-148610-d1b2bc01-7087-478e-be0a-0ed17c346057
2026-07-14;ZAMOWIENIE;Zaprojektowanie i zainstalowanie elementów komunikacji dachowej i ochrony przed upadkiem z wysokości na budynku OS NBP w Zalesiu Górnym;;;https://ezamowienia.gov.pl/mp-client/search/list/ocds-148610-42477adc-2902-4015-9549-b1fc9a6662eb
2026-07-17;ZAMOWIENIE;WYKONANIE MAGAZYNU ENERGII (UPS)NA RZECZ CIĄGŁOŚCI ZASILANIA ENERGETYCZNEGO WIELKOPOLSKIEGO CENTRUM NEUROPSYCHIATRYCZNEGO IM.OSKARA BIELAWSKIEGO W KOŚCIANIE;;;https://ezamowienia.gov.pl/mp-client/search/list/ocds-148610-919c8aa7-071e-4d0a-9259-926c902dae02
2026-07-17;ZAMOWIENIE;Termomodernizacja budynku świetlicy wiejskiej w Niegosławicach;;;https://ezamowienia.gov.pl/mp-client/search/list/ocds-148610-7abe1e4d-8647-421e-bf10-9878237d85d9
2026-07-17;ZAMOWIENIE;USŁUGA WYKONANIA OBSŁUGI OKRESOWEJ I SERWISOWEJ ORAZ NAPRAW W POJAZDACH LOTNISKOWYCH W LEŹNICY WIELKIEJ I NOWYM GLINNIKU;;;https://ezamowienia.gov.pl/mp-client/search/list/ocds-148610-d4bb98bc-768b-42b0-9950-99b9a443f3c2
2026-07-17;ZAMOWIENIE;Budowa instalacji fotowoltaicznej  z magazynem energii w obiekcie Centralnej Szkoły Państwowej Straży Pożarnej w Częstochowie w systemie zaprojektuj i wykonaj;;;https://ezamowienia.gov.pl/mp-client/search/list/ocds-148610-0ceb94f4-288b-4ec7-9e61-9f704ca239b2
2026-07-17;ZAMOWIENIE;Budowa magazynu zasobów ochrony ludności w formule zaprojektuj i wybuduj;;;https://ezamowienia.gov.pl/mp-client/search/list/ocds-148610-ae1f40e2-3da0-4494-85d6-ffbec2356612
2026-07-17;ZAMOWIENIE;„Wymiana pokrycia dachowego  i montaż instalacji fotowoltaicznej o mocy 30,15 kWp na budynku świetlicowo-szatniowym w Przedwojowie ”;;;https://ezamowienia.gov.pl/mp-client/search/list/ocds-148610-53e8c3bd-fef7-47f6-bba6-c6dde4dde72d
2026-07-17;ZAMOWIENIE;MODERNIZACJA I DOSTOSOWANIE MAGAZYNU OC - ETAP I;;;https://ezamowienia.gov.pl/mp-client/search/list/ocds-148610-40b4c583-d57c-4811-9de4-c0db249c2ab3
2026-07-17;ZAMOWIENIE;Budowa hali magazynowej na potrzeby OLiOC wraz z zagospodarowaniem terenu.;;;https://ezamowienia.gov.pl/mp-client/search/list/ocds-148610-b09b937f-d5db-4e0d-82ce-d857d20c3b7c
2026-07-17;ZAMOWIENIE;"""Budowa budynku magazynowego ochrony ludności i obrony cywilnej – etap I""";;;https://ezamowienia.gov.pl/mp-client/search/list/ocds-148610-ca6b8315-96e8-425a-bb8c-82708c1c0e90
2026-07-17;ZAMOWIENIE;Budowa magazynu na potrzeby ochrony ludności i obrony cywilnej;;;https://ezamowienia.gov.pl/mp-client/search/list/ocds-148610-1d364d86-8af6-4947-9151-8c03c7fa8b58
2026-07-17;ZAMOWIENIE;Modernizacja nawierzchni boiska sportowego do piłki nożnej w Szlachtowej;;;https://ezamowienia.gov.pl/mp-client/search/list/ocds-148610-fb79c832-11d4-48f8-a466-487229e867c9
2026-07-18;ZAMOWIENIE;Roboty remontowe ogrodzenia PWB w kompleksie Konotop (EDCA).;;;https://ezamowienia.gov.pl/mp-client/search/list/ocds-148610-d753c91b-d7dc-4d66-9e7e-aa485a194711
2026-07-18;ZAMOWIENIE;Remont ogrodzenia placu spacerowego dla tymczasowo aresztowanych w Zakładzie Karnym w Rawiczu;;;https://ezamowienia.gov.pl/mp-client/search/list/ocds-148610-0b6a261c-11c8-4d4a-bb1d-18dce5c7c9db
2026-07-18;ZAMOWIENIE;Budowa budynku biurowego z zapleczem warsztatowym wraz;;;https://ezamowienia.gov.pl/mp-client/search/list/ocds-148610-7ed4e1c7-845d-4c86-a057-77d5eaad56da
2026-07-19;ZAMOWIENIE;Przystosowanie i rozbudowa Wojewódzkiego Magazynu Ochrony Ludności i Ochrony Cywilnej oraz termomodernizacja budynku przy ul. Harfowej 58 w Gdańsku w formule zaprojektuj i wybuduj z opcją;;;https://ezamowienia.gov.pl/mp-client/search/list/ocds-148610-74fb51f8-a80c-4417-8074-b7dc6b19a58e
2026-07-19;ZAMOWIENIE;ODBUDOWA BUDYNKU DOMU POMOCY SPOŁECZNEJ W SZCZAWNIE PO POŻARZE I DOPROWADZENIE OBIEKTU DO STANU ZGODNEGO Z PRZEPISAMI;;;https://ezamowienia.gov.pl/mp-client/search/list/ocds-148610-ccf678cb-e13c-4ce4-b252-4553f073cdd6
2026-07-19;ZAMOWIENIE;Budowa leśnej sceny plenerowej z przyrodniczą ścianką przy siedzibie Nadbużańskiego Parku Krajobrazowego;;;https://ezamowienia.gov.pl/mp-client/search/list/ocds-148610-6a1bfa07-137c-4f39-a978-bdd786c1c811
2026-07-19;ZAMOWIENIE;Remont pokrycia dachowego budynków Zakładu Karnego w Krzywańcu;;;https://ezamowienia.gov.pl/mp-client/search/list/ocds-148610-13a99e29-9eea-48b3-aa6d-d6571830ad7e
2026-07-19;ZAMOWIENIE;Wykonanie zadania pn. „PROGRAM FUNKCJONALNO-UŻYTKOWY dla zadania pn.: „Budowa magazynu z częścią biurowo-socjalną na potrzeby zasobów ochrony ludności i obrony cywilnej przy ul. Krętej 1 w Toruniu”.;;;https://ezamowienia.gov.pl/mp-client/search/list/ocds-148610-d2f6c3f8-6523-43ca-8482-b9094091d3aa
2026-07-19;ZAMOWIENIE;Kontynuacja prac zabezpieczenia, zachowania i;;;https://ezamowienia.gov.pl/mp-client/search/list/ocds-148610-f5a0cdaf-4740-4ecc-a5bd-40cd27ceb7b1
2026-07-19;ZAMOWIENIE;Przebudowa i modernizacja pomieszczeń magazynu OC w miejscowości Łukowica;;;https://ezamowienia.gov.pl/mp-client/search/list/ocds-148610-1329a25d-564f-4f22-8cb5-33509807a271
2026-07-19;ZAMOWIENIE;„Termomodernizacja szkoły podstawowej w Kamieniu” w formule „zaprojektuj i wybuduj”.;;;https://ezamowienia.gov.pl/mp-client/search/list/ocds-148610-19136792-513f-4b33-8fd0-b8d7c7d89c81
2026-07-20;ZAMOWIENIE;Termomodernizacja budynku Ochotniczej Straży Pożarnej w Skowrodzie Północnej na terenie gminy Chąśno;;;https://ezamowienia.gov.pl/mp-client/search/list/ocds-148610-f70c1732-0e08-4462-a02b-d0c166125d48
2026-07-20;ZAMOWIENIE;96/2026 Remont fragmentu pokrycia dachowego wraz z robotami towarzyszącymi w budynku użytkowym położonym przy ul. Mrozowej 13 w Krakowie;;;https://ezamowienia.gov.pl/mp-client/search/list/ocds-148610-2e0dd9cb-363d-4da1-928f-8530b87d7643
2026-07-20;ZAMOWIENIE;Modernizacja obiektów rekreacyjnych na terenie miasta Gdańska;;;https://ezamowienia.gov.pl/mp-client/search/list/ocds-148610-1ad5a410-6a23-40d1-8176-b3d44027d7f7
2026-07-20;ZAMOWIENIE;Remont dachu nad głównym korpusem budynku Szkoły Podstawowej nr 4 przy ul. W. Sławka 9 w Warszawie.;;;https://ezamowienia.gov.pl/mp-client/search/list/ocds-148610-098fc227-0490-44a8-a3d1-ddc85aa910ea
2026-07-21;ZAMOWIENIE;Opracowanie dokumentacji projektowo-technicznej miejsca doraźnego schronienia wraz z magazynem;;;https://ezamowienia.gov.pl/mp-client/search/list/ocds-148610-105cb4e4-fd1a-4a6e-9a86-8a43ff9344e9
2026-07-21;ZAMOWIENIE;Modernizacja kominów oraz wymiana rynien i rur spustowych na budynku Starostwa Powiatowego w Wałbrzychu w ramach zadania inwestycyjnego pn.: „Modernizacja budynku Starostwa Powiatowego w Wałbrzychu”;;;https://ezamowienia.gov.pl/mp-client/search/list/ocds-148610-93ed95c4-a818-4ffc-bc8b-5cd5ac69285d
2026-07-21;ZAMOWIENIE;Budowa obiektu dla psów na terenie Schroniska dla Bezdomnych Zwierząt w Zamościu przy ul. Braterstwa Broni 161 – formuła „zaprojektuj i wybuduj”;;;https://ezamowienia.gov.pl/mp-client/search/list/ocds-148610-bd321532-bab5-4057-bec3-c342d4db70c5
2026-07-23;ZAMOWIENIE;Przebudowa z rozbudową budynku szkoły o dźwig zewnętrzny wraz z infrastrukturą techniczną;;;https://ezamowienia.gov.pl/mp-client/search/list/ocds-148610-e245cd4f-ac11-4420-85a9-a8e5277a01e9
2026-07-23;ZAMOWIENIE;Dostawa i montaż specjalistycznego kontenera do magazynowania cieczy łatwopalnych i produktów ropopochodnych – postępowanie nr II.;;;https://ezamowienia.gov.pl/mp-client/search/list/ocds-148610-832401d6-b83a-43c8-93be-5225c327ee95
2026-07-23;ZAMOWIENIE;Budowa magazynu obrony cywilnej na terenie Gminy Sułkowice (projekt wraz z budową);;;https://ezamowienia.gov.pl/mp-client/search/list/ocds-148610-79e03d6a-0f09-41c3-9bcc-67071734e36e
2026-07-24;ZAMOWIENIE;Wykonanie klimatyzacji wraz z dostosowaniem dachu do potrzeb planowanej instalacji klimatyzacji w Pawilonach ul. Rakowiecka 26/30 w trybie zaprojektuj i wybuduj.;;;https://ezamowienia.gov.pl/mp-client/search/list/ocds-148610-7376a974-6a90-4a4b-bbe3-215215d4b50d
2026-07-25;ZAMOWIENIE;Budowa magazynu Ochrony Ludności i Obrony Cywilnej wraz z miejscem ukrycia planowanego do realizacji na terenie miejscowości Karsin;;;https://ezamowienia.gov.pl/mp-client/search/list/ocds-148610-5dda8313-4846-457e-9f63-9b454572c413
2026-07-25;ZAMOWIENIE;DOKOŃCZENIE PRAC POKRYCIOWYCH DACHU ORAZ PRAC ELEWACYJNYCH W RAMACH ZADANIA „MODERNIZACJA I ROZBUDOWA PISKIEGO DOMU KULTURY”;;;https://ezamowienia.gov.pl/mp-client/search/list/ocds-148610-7a774545-bcf9-4a27-8f0d-3251c8f0cb72
2026-07-25;ZAMOWIENIE;Zmiana sposobu użytkowania wraz z przebudową budynku dawnej szkoły na Regionalne Centrum Edukacji Ekologicznej ‘’Skarb Czarnoziemu’’ w Ślipczu;;;https://ezamowienia.gov.pl/mp-client/search/list/ocds-148610-38ad4738-3627-4de9-afd1-55aa4ac7f64f
2026-07-25;ZAMOWIENIE;STWORZENIE SYSTEMU WYTWÓRCZEGO ENEGRII ELEKTRYCZNEJ Z WYKORZYSTANIEM ELEKTROWNI FOTOWOLTAICZNEJ  O MOCY DO 150 kW WRAZ Z MAGAZYNEM ENERGII;;;https://ezamowienia.gov.pl/mp-client/search/list/ocds-148610-91e0762f-95ab-4ebe-b71c-95f51708a12d
2026-07-26;ZAMOWIENIE;"""Budowa budynku magazynu obrony cywilnej wraz z pomieszczeniami garażowymi""";;;https://ezamowienia.gov.pl/mp-client/search/list/ocds-148610-4178fefa-fa3d-47d3-84ab-017e70dbf0b5
2026-07-26;ZAMOWIENIE;Przebudowa i adaptacja oficyny wschodniej, wchodzącej w skład Zespołu Szkół Nr 2   im. dr Z. Klukowskiego w Szczebrzeszynie, przystosowanie budynku do prowadzenia działalności kulturalnej i (...);;;https://ezamowienia.gov.pl/mp-client/search/list/ocds-148610-123d63f6-bb09-4515-8cb4-2caf680b131f
2026-07-26;ZAMOWIENIE;Doposażenie bazy magazynowej Gminy Jaśliska na potrzeby Ochrony Ludności i Obrony Cywilnej (OLiOC) w koparko-ładowarkę.;;;https://ezamowienia.gov.pl/mp-client/search/list/ocds-148610-2a0f81bb-a17c-41c6-8788-5d5cfc5ef40e
2026-07-26;ZAMOWIENIE;Przebudowa dachu, wymiana okien oraz wykonanie elewacji i innych robót zabezpieczających budynek VI Liceum Ogólnokształcącego w Białymstoku, ul. Warszawska 8 – etap IV;;;https://ezamowienia.gov.pl/mp-client/search/list/ocds-148610-fbfa9eef-60f7-40b2-89a9-dfe3680ea51c
2026-07-26;ZAMOWIENIE;Budowa hali magazynowej na terenie gminy Radgoszcz;;;https://ezamowienia.gov.pl/mp-client/search/list/ocds-148610-7d05cfac-3fde-4c83-a1b7-485808780cd1
2026-07-27;ZAMOWIENIE;„Budowa budynku magazynowego sprzętowo-materiałowego w Gminie Mieleszyn” Etap I;;;https://ezamowienia.gov.pl/mp-client/search/list/ocds-148610-9a355b86-b988-4d52-8c4a-d2e3bbae705a
2026-07-28;ZAMOWIENIE;Budowa parterowego budynku socjalnego z częścią garażowo-magazynową, w tym magazynem obrony cywilnej;;;https://ezamowienia.gov.pl/mp-client/search/list/ocds-148610-e7817710-a6ab-42f2-9209-cf76304def0a
2026-07-30;ZAMOWIENIE;„Zakup modułowego kontenera magazynowego”;;;https://ezamowienia.gov.pl/mp-client/search/list/ocds-148610-189c1905-5fbb-4b25-b357-26dddbb8fb46
2026-07-30;ZAMOWIENIE;Modernizacja magazynu Obrony Cywilnej w Sułkowicach;;;https://ezamowienia.gov.pl/mp-client/search/list/ocds-148610-9ed92d8d-9213-47e6-b989-ce6ef83ee121
2026-07-30;ZAMOWIENIE;Instalacje PV/magazyny energii na budynki stanowiące własność gminy Dobromierz w ramach projektu pn. Programy Partnerskie Energetyki Komunalnej OZE dla gmin powiatu świdnickiego (PPEK);;;https://ezamowienia.gov.pl/mp-client/search/list/ocds-148610-3d9940c7-8238-4f4a-8acb-eb75e2e30bbd
2026-07-30;ZAMOWIENIE;Budowa magazynu dla celów ochrony ludności i obrony cywilnej;;;https://ezamowienia.gov.pl/mp-client/search/list/ocds-148610-06ef442e-7568-47dd-b8b8-7faab1d9ff69
2026-07-30;ZAMOWIENIE;WYMIANA NAWIERZCHNI I OGRODZENIA PRZY PARKINGU BUDYNKU URZĘDU GMINY W BARTOSZYCACH.;;;https://ezamowienia.gov.pl/mp-client/search/list/ocds-148610-0eae61b7-2481-47c3-96af-0de6e4701fc3
2026-07-30;ZAMOWIENIE;Modernizacja budynku portierni przy bramie głównej wjazdowej SP ZOZ w Łapach przy ul. Korczaka 23 w Łapach;;;https://ezamowienia.gov.pl/mp-client/search/list/ocds-148610-8f8c8d60-9d5f-45e3-82e4-f29151854f3f
2026-07-30;ZAMOWIENIE;"Wykonanie  dokumentacji technicznej  i budowa magazynu OLiOC w miejscowości Jabłonka” w formule zaprojektuj i wybuduj"" – postępowanie powtórzone";;;https://ezamowienia.gov.pl/mp-client/search/list/ocds-148610-d18c97d3-d4fa-4322-9adf-9415381d1375
2026-07-30;ZAMOWIENIE;Modernizacja gminnego magazynu Ochrony Ludności i Obrony Cywilnej w Małomicach;;;https://ezamowienia.gov.pl/mp-client/search/list/ocds-148610-5085e536-7b64-4c0a-89a7-77445c3ebee7
2026-07-30;ZAMOWIENIE;Remont i przebudowa istniejącego budynku wraz ze zmianą sposobu użytkowania na magazyn OLiOC;;;https://ezamowienia.gov.pl/mp-client/search/list/ocds-148610-8c9a1cbf-a157-48f5-bc8e-57795af3baa2
2026-07-31;ZAMOWIENIE;SZP/243-216/2026 Środowisko IT do testowania inteligentnych systemów sterowania i nadzoru integrujących OZE i magazyny energii;;;https://ezamowienia.gov.pl/mp-client/search/list/ocds-148610-8908bfd9-fc46-4d6f-8c55-97441f85bb6e
2026-07-31;ZAMOWIENIE;Remont budynku “Domek Mauretański” ul. Puławska 55 w Warszawie.;;;https://ezamowienia.gov.pl/mp-client/search/list/ocds-148610-8bd1731e-d594-4a61-bcb0-93a3a2db2bdf
2026-07-31;ZAMOWIENIE;Budowa magazynu Obrony Cywilnej poprzez rozbudowę i przebudowę budynku Użyteczności Publicznej;;;https://ezamowienia.gov.pl/mp-client/search/list/ocds-148610-0d65f43b-fda8-4601-8c9b-6a8106fb0778
2026-07-31;ZAMOWIENIE;Modernizacja energetyczna budynku OSP Zwoleń i OSP Sycyna;;;https://ezamowienia.gov.pl/mp-client/search/list/ocds-148610-5c3e7ffc-2529-4a8a-976b-3a4dcff777b0
2026-07-31;ZAMOWIENIE;Budowa magazynu rezerw materiałowych (zaprojektuj i wybuduj);;;https://ezamowienia.gov.pl/mp-client/search/list/ocds-148610-8bef1ec3-1aac-49f9-93dd-74d4edc23ca2
2026-07-31;ZAMOWIENIE;Modernizacja dachu na budynku OSP w Łaniętach;;;https://ezamowienia.gov.pl/mp-client/search/list/ocds-148610-75cfe8ce-41f3-4655-bb21-9bfa0c08d413
2026-07-31;ZAMOWIENIE;Roboty budowlane w zakresie wymiany konstrukcji oraz pokrycia dachu w budynku zlokalizowanym przy ul. Półłanki 78 w Krakowie;;;https://ezamowienia.gov.pl/mp-client/search/list/ocds-148610-eec95f69-e905-4018-9752-07d842d94617
2026-08-01;ZAMOWIENIE;„Termomodernizacja obiektów użyteczności publicznej w Gminie Krzanowice- budynku Ochotniczej Straży Pożarnej w Bojanowie ze świetlicą wiejską” postępowanie drugie;;;https://ezamowienia.gov.pl/mp-client/search/list/ocds-148610-362fd9e2-ed0c-44b9-bbbf-ea3c968887f3
2026-08-01;ZAMOWIENIE;„Termomodernizacja obiektów użyteczności publicznej w Gminie Krzanowice-;;;https://ezamowienia.gov.pl/mp-client/search/list/ocds-148610-6a013f23-a74b-45b3-bed8-87d7c72f9b00
2026-08-01;ZAMOWIENIE;Wymiana pokrycia papowego dachu, obróbek blacharskich, malowanie stolarki okiennej i drzwiowej w budynku nr 15 przy ulicy Dąbrowskiego 2 w Olsztynie;;;https://ezamowienia.gov.pl/mp-client/search/list/ocds-148610-b3deaf66-3602-4f34-9074-7739f7b6cc90
2026-08-01;ZAMOWIENIE;Doszczelnienie pokrycia dachowego na zgrzewach poprzecznych masą typu Alsan Flashing;;;https://ezamowienia.gov.pl/mp-client/search/list/ocds-148610-d4668747-18f1-4871-94bb-70694ea241ea
2026-08-01;ZAMOWIENIE;„Wykonanie naprawy dachu na budynku basenu w Kazimierzy Wielkiej”;;;https://ezamowienia.gov.pl/mp-client/search/list/ocds-148610-9aad7144-f632-459d-97d7-f7046a76e5b6
2026-08-02;ZAMOWIENIE;Modernizacja pokryć dachowych budynków użyteczności publicznej;;;https://ezamowienia.gov.pl/mp-client/search/list/ocds-148610-287c3fae-44ae-4900-aed0-a10765cb912f
2026-08-02;ZAMOWIENIE;Remont dachu w Szkole Podstawowej  nr 1 przy ul. Topolowej 10 w Pruszkowie;;;https://ezamowienia.gov.pl/mp-client/search/list/ocds-148610-afacd995-45be-4fce-9f15-cf4363ec93ff
2026-08-02;ZAMOWIENIE;Budowa budynku magazynowego z przeznaczeniem na magazyn obrony cywilnej;;;https://ezamowienia.gov.pl/mp-client/search/list/ocds-148610-f4ad2d6e-f13e-48bd-a3b2-0eec37bb304c
2026-08-02;ZAMOWIENIE;Remonty budynków na terenie Stacji Uzdatniania Wody – Jasieniec, Stefanków, Koziegłowy.;;;https://ezamowienia.gov.pl/mp-client/search/list/ocds-148610-cb169ada-062d-4b96-a2b2-a2e8f5bfa352
2026-08-02;ZAMOWIENIE;Modernizacja pokrycia dachowego wraz z naświetleniami punktowymi i przebudową stropodachu w zakresie izolacyjności termicznej budynku OR KRUS we Wrocławiu.;;;https://ezamowienia.gov.pl/mp-client/search/list/ocds-148610-7ef01ef9-f060-43b3-ab50-148d0ce83980
2026-08-02;ZAMOWIENIE;"„Przebudowa i rozbudowa oraz zmiana sposobu użytkowania budynku zamieszkania zbiorowego (Dom Dziecka) na budynek użyteczności publicznej (Urząd Miasta, Centrum Usług Społecznych, Świetlica Środ.""";;;https://ezamowienia.gov.pl/mp-client/search/list/ocds-148610-26c2b1b7-5752-4ebf-b881-da3037f2b980
2026-08-02;ZAMOWIENIE;Przebudowa Centrum Edukacyjno-Szkoleniowego na rzecz rolnictwa;;;https://ezamowienia.gov.pl/mp-client/search/list/ocds-148610-14be58fd-42c9-4ee1-84de-0bd543db7382
2026-08-03;ZAMOWIENIE;„Rozbudowa altany w gminie Skarżysko Kościelne”- powt;;;https://ezamowienia.gov.pl/mp-client/search/list/ocds-148610-352ce135-40be-46ce-8a3a-4c4f851ea900
2026-08-03;ZAMOWIENIE;Wykonanie wentylacji oraz adaptacji pomieszczeń na Wydziale Inżynierii Materiałowej i Cyfryzacji Przemysłu (Ameryka, Hala Pieców) Politechniki Śląskiej (...). Znak sprawy: DZPZ.284.55.2026.AG;;;https://ezamowienia.gov.pl/mp-client/search/list/ocds-148610-9271f7a4-4960-47a4-a8d6-9af3cb935e93
2026-08-03;ZAMOWIENIE;Zakup kontenerów magazynowych do przechowywania sprzętu przeznaczonego na potrzeby realizacji zadań z zakresu obrony cywilnej oraz ochrony ludności;;;https://ezamowienia.gov.pl/mp-client/search/list/ocds-148610-7bd54907-5555-4f3f-b769-556bc0af9dbc
2026-08-03;ZAMOWIENIE;Modernizacja infrastruktury turystycznej w ramach;;;https://ezamowienia.gov.pl/mp-client/search/list/ocds-148610-95920a8d-cb65-4aae-9553-b5af351ecb08
2026-08-04;ZAMOWIENIE;Budowa Komendy Powiatowej Państwowej Straży Pożarnej oraz Jednostki Ratowniczo-Gaśniczej PSP w Zawierciu – etap III;;;https://ezamowienia.gov.pl/mp-client/search/list/ocds-148610-eb5e0d2b-793d-4f0a-9dbd-972f8f40470b
2026-08-06;ZAMOWIENIE;„Budowa muru oporowego i trybuny sportowej w ramach modernizacja kompleksu sportowego  w Sołectwie Myślachowice”;;;https://ezamowienia.gov.pl/mp-client/search/list/ocds-148610-28c1ef33-72eb-443f-bcad-e1be0ddeb6d0
2026-08-06;ZAMOWIENIE;Przebudowa 4 budynków z przeznaczeniem na bazę magazynową;;;https://ezamowienia.gov.pl/mp-client/search/list/ocds-148610-ca8c89f3-9800-4ebd-b5aa-e087184b95f2
2026-08-06;ZAMOWIENIE;Dostawa i montaż odnawialnych źródeł energii dla budynków;;;https://ezamowienia.gov.pl/mp-client/search/list/ocds-148610-c063abea-da29-4d51-9913-2a48ad693ab5
2026-08-06;ZAMOWIENIE;Budowa dwóch obiektów magazynowo-technicznych przeznaczonych do przechowywania i zabezpieczenia sprzętu ratowniczego, logistycznego oraz technicznego;;;https://ezamowienia.gov.pl/mp-client/search/list/ocds-148610-d9738776-d306-4c0c-b0a0-2884d15b41cc
2026-08-06;ZAMOWIENIE;BO - L10/05/XII - Remont terenu wokół szkoły, wymiana ogrodzenia w Zespole Szkolno - Przedszkolnym Nr 1 w Katowicach ul. Sportowa 29.;;;https://ezamowienia.gov.pl/mp-client/search/list/ocds-148610-27224c79-ed80-4586-a732-b7fa8da94bff
2026-08-06;ZAMOWIENIE;Budowa magazynu służącego do realizacji zadań;;;https://ezamowienia.gov.pl/mp-client/search/list/ocds-148610-7dbcaa5a-60a1-4ab1-b007-6413abcd4632
2026-08-06;ZAMOWIENIE;Modernizacja świetlicy wiejskiej w miejscowości Kolonia Kuźnia;;;https://ezamowienia.gov.pl/mp-client/search/list/ocds-148610-55324606-78ed-4773-aeed-1946d89c18e4
2026-08-06;ZAMOWIENIE;Wybudowanie w Tarnobrzegu obiektu stanowiącego budynek usługowy podstacji Podkarpackiej Stacji Pogotowia Ratunkowego w Mielcu wraz z infrastrukturą techniczną;;;https://ezamowienia.gov.pl/mp-client/search/list/ocds-148610-886efaeb-f055-42c0-8623-74359317110b
2026-08-06;ZAMOWIENIE;Przebudowa i rozbudowa Szkoły Podstawowej w miejscowości Miedniewice;;;https://ezamowienia.gov.pl/mp-client/search/list/ocds-148610-2f527419-6fdd-4eb0-860d-9a0cdafe3326
2026-08-06;ZAMOWIENIE;Remont dachu pawilonu głównego w Ośrodku Rekreacyjno-Sportowym ŻABKA w Łaziskach Górnych przy ul. Sportowej 1;;;https://ezamowienia.gov.pl/mp-client/search/list/ocds-148610-6e084265-9a8a-4641-a2e9-59c646ed5d31
2026-08-06;ZAMOWIENIE;Dostawa urządzenia do magazynowania energii na sprężone powietrze dla Wydziału Inżynierii Mechanicznej i Okrętownictwa Politechniki Gdańskiej;;;https://ezamowienia.gov.pl/mp-client/search/list/ocds-148610-88ad7c85-9cb7-40f9-b0da-a1a409813d97
2026-08-06;ZAMOWIENIE;Budowa skateparku oraz toru rolkarskiego w Koronowie;;;https://ezamowienia.gov.pl/mp-client/search/list/ocds-148610-cabd6eed-81c6-4d8b-b91a-cba1ce37baf0
2026-08-07;ZAMOWIENIE;Montaż instalacji fotowoltaicznej w SP Raszczyce w formie zadaszenia;;;https://ezamowienia.gov.pl/mp-client/search/list/ocds-148610-dcfb649d-0278-4e85-bd6e-f0e7ed84e41f
2026-08-07;ZAMOWIENIE;Modernizacja trybuny na Stadionie Miejskim w Resku;;;https://ezamowienia.gov.pl/mp-client/search/list/ocds-148610-6133fd12-6cee-49a3-9604-b74422936472
2026-08-07;ZAMOWIENIE;Budowa gminnego magazynu sprzętu OLiOC o pow. 450 m kw.;;;https://ezamowienia.gov.pl/mp-client/search/list/ocds-148610-bc320e85-9877-4d26-8024-253d7ff0376d
2026-08-07;ZAMOWIENIE;„Dostosowanie pomieszczeń piwnicy w Urzędzie Miejskim w Lubrańcu w celu utworzenia miejsca doraźnego schronienia wraz z wyposażeniem” – Etap II”;;;https://ezamowienia.gov.pl/mp-client/search/list/ocds-148610-1cb82795-db52-4e9a-9752-a9ff58543ca0
2026-08-07;ZAMOWIENIE;Przebudowa budynku mieszkalno – użytkowego w Nakle Śląskim przy ul. Głównej 52 (modernizacja dachu);;;https://ezamowienia.gov.pl/mp-client/search/list/ocds-148610-6205f15b-0125-4d01-9fcc-933899a1e9b8
2026-08-08;ZAMOWIENIE;Remont dachów – wymiana pokryć dachowych dla garażu przy ul. Szylinga 6-8-10 oraz lokalu usługowym przy ul. Cześnikowskiej 3 w Poznaniu;;;https://ezamowienia.gov.pl/mp-client/search/list/ocds-148610-fdbd6e9b-8210-4117-a9ac-3d4cdc0c9595
2026-08-08;ZAMOWIENIE;Rozbudowa i modernizacja magazynu zasobów ochrony;;;https://ezamowienia.gov.pl/mp-client/search/list/ocds-148610-1960d09f-1e36-4cdf-8475-801c01d84e49
2026-08-08;ZAMOWIENIE;Zakup taboru bez emisyjnego wraz z infrastrukturą zasilającą i zapleczem technicznym dla publicznego transportu pozamiejskiego – zaplecze techniczne;;;https://ezamowienia.gov.pl/mp-client/search/list/ocds-148610-3906a1dc-6283-4660-8b35-2561d8b105e2
2026-08-08;ZAMOWIENIE;Modernizacja energetyczna budynków Centrum Opieki nad Dzieckiem;;;https://ezamowienia.gov.pl/mp-client/search/list/ocds-148610-0e87f212-eb29-4502-a01b-289165337503
2026-08-08;ZAMOWIENIE;Budowa i modernizacja drogi dojazdowej do gruntów rolnych w obrębie Jadachy na dz. ewid. nr 1067;;;https://ezamowienia.gov.pl/mp-client/search/list/ocds-148610-a5a245d8-f368-4882-8c73-3ab3e84e8f7e
2026-08-08;ZAMOWIENIE;Poprawa efektywności energetycznej oraz ograniczenie kosztów zakupu ciepła ponoszonych przez odbiorców w Gminie Czarnków (II postępowanie);;;https://ezamowienia.gov.pl/mp-client/search/list/ocds-148610-f7feb6bc-c3cd-450e-8412-48a6cc804b42
2026-08-08;ZAMOWIENIE;Budowa magazynu na cele OLiOC;;;https://ezamowienia.gov.pl/mp-client/search/list/ocds-148610-ff52ff7e-a9af-40df-9175-737963d1450f
2026-08-08;ZAMOWIENIE;Remont obiektów zlokalizowanych w rejonie działania SOI Szczecin Podjuchy;;;https://ezamowienia.gov.pl/mp-client/search/list/ocds-148610-e13ab6f3-6c52-46b2-9020-8d21085de9e7
2026-08-08;ZAMOWIENIE;Opracowanie dokumentacji projektowej magazynu ochrony ludności i obrony cywilnej;;;https://ezamowienia.gov.pl/mp-client/search/list/ocds-148610-27f656e6-72f0-4108-b84e-9cedcf294f29
2026-08-08;ZAMOWIENIE;Opracowanie PFU wraz z oszacowaniem planowanych kosztów prac projektowych oraz robót budowlanych, dla inwestycji z zakresu OZE, magazynów energii i infrastr. elektromobilności na terenie Gminy Rudniki;;;https://ezamowienia.gov.pl/mp-client/search/list/ocds-148610-05ff95ff-578c-4f17-a452-d8f98b564b41
2026-08-08;ZAMOWIENIE;Budowa budynku magazynu sprzętu i wyposażenia w miejscowości Tursko Małe;;;https://ezamowienia.gov.pl/mp-client/search/list/ocds-148610-4fd3b43f-550f-4df8-8108-d1250efa3196
2026-08-08;ZAMOWIENIE;Modernizacja boiska sportowego do piłki nożnej w Małej Wsi;;;https://ezamowienia.gov.pl/mp-client/search/list/ocds-148610-0f4294af-87f3-4d16-808c-84000c42128e
2026-08-08;ZAMOWIENIE;Budowa magazynu ochrony ludności i obrony cywilnej – I etap.;;;https://ezamowienia.gov.pl/mp-client/search/list/ocds-148610-421e3f06-197b-4c79-a23d-6969e860d357
2026-08-09;ZAMOWIENIE;Wymiana pokrycia dachowego na budynku świetlicy wiejskiej/OSP w msc. Skalmierz;;;https://ezamowienia.gov.pl/mp-client/search/list/ocds-148610-57eafb17-f748-44b2-95fa-23cbd0815bc0
2026-08-09;ZAMOWIENIE;Budowa bazy logistycznej obrony cywilnej w Tarnogrodzie na działce nr 844/1.;;;https://ezamowienia.gov.pl/mp-client/search/list/ocds-148610-57fef2b9-67a3-496b-b7cd-4dcce5e9a3a5
2026-08-09;ZAMOWIENIE;BUDOWA MAGAZYNU NA POTRZEBY OLIOC (Ochrony Ludności i Obrony Cywilnej)  - w trybie zaprojektuj i wybuduj;;;https://ezamowienia.gov.pl/mp-client/search/list/ocds-148610-271700e5-ec5c-4759-8356-62333972a799
2026-08-09;ZAMOWIENIE;Montaż innowacyjnych odnawialnych źródeł energii na terenie Gminy Przerośl.;;;https://ezamowienia.gov.pl/mp-client/search/list/ocds-148610-7cb196e7-d5de-4ffb-8da6-7f8968a257d2
2026-08-09;ZAMOWIENIE;Modernizacja sieci ciepłowniczych wraz z budową gminnych źródeł ciepła w oparciu o OZE na terenie Gminy Daszyna – I część;;;https://ezamowienia.gov.pl/mp-client/search/list/ocds-148610-87b02612-0f39-4ba7-a22c-dc7a5ceaf569
2026-08-09;ZAMOWIENIE;Budowa magazynu OL i OC na ulicy Partyzantów;;;https://ezamowienia.gov.pl/mp-client/search/list/ocds-148610-ec77b720-249c-4f09-856f-1a36eacce8df
2026-08-11;ZAMOWIENIE;Budowa systemu magazynowania energii w Zakładzie Wodociągów i Kanalizacji w Grajewie w celu zapewnienia ciągłości zbiorowego zaopatrzenia w wodę w sytuacjach kryzysowych.;;;https://ezamowienia.gov.pl/mp-client/search/list/ocds-148610-a5dca1dc-6245-4807-b569-0f2d24dbb53e
2026-08-11;ZAMOWIENIE;„Budowa magazynu na potrzeby OLiOC”;;;https://ezamowienia.gov.pl/mp-client/search/list/ocds-148610-bf9626b7-cc87-4c76-bb22-22af53c165e4
2026-08-11;ZAMOWIENIE;Wykonanie dokumentacji projektowej dla zadania modernizacja dachu sali gimnastycznej i nawierzchni boiska szkolnego SP1;;;https://ezamowienia.gov.pl/mp-client/search/list/ocds-148610-e0da41f0-6674-4a55-8411-095115593926
2026-08-13;ZAMOWIENIE;Remont więźby dachowej w budynku Przedszkole Nr 86 „Tęczowy Świat” przy ul. Juliusza Słowackiego 15 w Poznaniu;;;https://ezamowienia.gov.pl/mp-client/search/list/ocds-148610-5a6e127e-54ed-47cc-b9bc-c2aa7d222a10
2026-08-13;ZAMOWIENIE;Remont magazynu przy ul. Kościuszki 7 w Sędziszowie w ramach zadania ochrony ludności i obrony cywilnej na lata 2025-2026;;;https://ezamowienia.gov.pl/mp-client/search/list/ocds-148610-70dc96f8-fdfd-4f71-a4e2-744d07b307c3
2026-08-13;ZAMOWIENIE;Wykonanie docieplenia dachu, wymianę pokrycia dachowego wraz z obróbkami blacharskimi i orynnowaniem budynku mieszkalnego wielorodzinnego przy ul. Armii Krajowej 1 w Wysokiem Mazowieckiem;;;https://ezamowienia.gov.pl/mp-client/search/list/ocds-148610-3f379619-b208-4a0e-985c-846e8759360b
2026-08-14;ZAMOWIENIE;Budowa hali magazynowej w Zielonej w ramach realizacji Programu Ochrony Ludności i Obrony Cywilnej 2025/2026;;;https://ezamowienia.gov.pl/mp-client/search/list/ocds-148610-43c85956-1c23-4c31-8652-428b0e29cfd6
2026-08-14;ZAMOWIENIE;„Częściowa rozbudowa i przebudowa wraz ze zmianą konstrukcji dachu budynku DPS „ANNA” oraz budowa muru oporowego” – etap I;;;https://ezamowienia.gov.pl/mp-client/search/list/ocds-148610-61d7dfdd-82ff-4bc1-b043-b798410d9073
2026-08-14;ZAMOWIENIE;"""Wyposażenie bazy magazynowej Hydrosfery Józefów Sp. z o.o. w sprzęt niezbędny do realizacji zadań w sytuacjach kryzysowych,(...)""";;;https://ezamowienia.gov.pl/mp-client/search/list/ocds-148610-5ec2d088-ae6f-4f7c-b07e-0e297e8ee3ba
2026-08-14;ZAMOWIENIE;Modernizacja magazynu ochrony ludności i obrony cywilnej Gminy Kłodzko, ul. Wyspiańskiego 2R, Kłodzko” w ramach realizacji Programu Ochrony Ludności i Obrony Cywilnej na lata 2025-2026;;;https://ezamowienia.gov.pl/mp-client/search/list/ocds-148610-c943c7c4-b46a-4f78-9298-7d12e1af8331
2026-08-14;ZAMOWIENIE;Budowa magazynu obrony cywilnej wraz z utwardzeniem terenu na terenie gminy Kijewo Królewskie;;;https://ezamowienia.gov.pl/mp-client/search/list/ocds-148610-419e30c4-eeca-4d11-847e-ca4ac7645f59
2026-08-14;ZAMOWIENIE;„Dostawa i montaż instalacji fotowoltaicznych dla potrzeb Gminy Ciasna”;;;https://ezamowienia.gov.pl/mp-client/search/list/ocds-148610-e0172f72-e4ef-4554-8fe1-7294f785567a
2026-08-15;ZAMOWIENIE;Termomodernizacja budynku Ochotniczej Straży Pożarnej  w Skowrodzie Północnej na terenie gminy Chąśno” – II postępowanie;;;https://ezamowienia.gov.pl/mp-client/search/list/ocds-148610-78333aa8-90a5-4383-9f73-e33850ebfd5b
2026-08-15;ZAMOWIENIE;Remont oświetlenia zewnętrznego , instalacji DOS, odcinka sieci wodociągowej  oraz budynków magazynowych zlokalizowanych  w kompleksach wojskowych w Łodzi , Reganach , Gałkówku i Kutnie;;;https://ezamowienia.gov.pl/mp-client/search/list/ocds-148610-f79298f0-9386-42fa-b7b8-9d03c1ed645d
2026-08-15;ZAMOWIENIE;Zmiana sposobu użytkowania budynku byłej szkoły w miejscowości Wólka Orłowska poprzez jego adaptację na lokale mieszkalne;;;https://ezamowienia.gov.pl/mp-client/search/list/ocds-148610-f2f4d872-115d-431d-871b-b611912248c1
2026-08-15;ZAMOWIENIE;Budowa hali magazynowej dla potrzeb obrony cywilnej;;;https://ezamowienia.gov.pl/mp-client/search/list/ocds-148610-3d6f05c8-154a-47f1-9846-2b1f259f8c43
2026-08-15;ZAMOWIENIE;Remont kapitalny dachu budynku użytkowego przy ul. Chorzowskiej 9 w  Rudzie Śląskiej;;;https://ezamowienia.gov.pl/mp-client/search/list/ocds-148610-b58a6da3-5890-4dc7-ab5f-e277af4e44c7
2026-08-15;ZAMOWIENIE;Budowa instalacji fotowoltaicznej wraz z niezbędną infrastrukturą w budynku;;;https://ezamowienia.gov.pl/mp-client/search/list/ocds-148610-2dd4cd4a-6a15-4e72-9823-4d88d0e20bac
2026-08-15;ZAMOWIENIE;48/PA/2026 Remont dachu w budynku mieszkalnym przy ul. Ignacego Paderewskiego 15 w Bydgoszczy;;;https://ezamowienia.gov.pl/mp-client/search/list/ocds-148610-28f586b1-2ae1-42d1-9c1b-4def00a2fcbc
2026-08-15;ZAMOWIENIE;Remont hali magazynowej oraz dostosowanie jej do potrzeb magazynu ochrony ludności i obrony cywilnej;;;https://ezamowienia.gov.pl/mp-client/search/list/ocds-148610-eaccccce-0ea6-4f81-81ed-c915497c00df
2026-08-16;ZAMOWIENIE;Wykonywanie drobnych napraw bieżących oraz świadczenie stałych usług konserwacyjnych dekarskich w zasobach gminnych administrowanych przez ZGM w rejonie ADM-4;;;https://ezamowienia.gov.pl/mp-client/search/list/ocds-148610-937f7b6e-9199-4313-b467-c78c4673497c
2026-08-16;ZAMOWIENIE;Remont poszycia dachu budynku mieszkalnego wielorodzinnego przy ul. 1 Maja 86 w Żyrardowie;;;https://ezamowienia.gov.pl/mp-client/search/list/ocds-148610-f7bcc20e-6293-4271-a6c7-e1ab807efd5f
2026-08-16;ZAMOWIENIE;Wymiana rynien, rur spustowych i obróbek blacharskich w kaplicy Domu Pomocy Społecznej im. L. i A. Helclów w Krakowie;;;https://ezamowienia.gov.pl/mp-client/search/list/ocds-148610-fa6fbcd2-0980-4918-8ed7-9e9fc7a2d571
2026-08-16;ZAMOWIENIE;Remont i wymiana pokrycia dachu budynku sali gimnastycznej przy Szkole Podstawowej w Kalinowie;;;https://ezamowienia.gov.pl/mp-client/search/list/ocds-148610-873572c3-21a7-46a4-bbec-51b5396c9027
2026-08-16;ZAMOWIENIE;Budowa magazynu na potrzeby ochrony ludności i obrony cywilnej;;;https://ezamowienia.gov.pl/mp-client/search/list/ocds-148610-8aa21bc0-5523-452c-b776-9179947402ca
2026-08-16;ZAMOWIENIE;Wykonanie robót budowlanych polegających na budowie wagi samochodowej wraz z budynkiem obsługi klienta na terenie PZO Sp. z o.o. w Gliwicach przy ul. Rybnickiej 199B;;;https://ezamowienia.gov.pl/mp-client/search/list/ocds-148610-2369f96f-5651-4ec6-ad03-8a7107a9c481
2026-08-16;ZAMOWIENIE;Budowa garażu dla pojazdu OSP w Psarskiem;;;https://ezamowienia.gov.pl/mp-client/search/list/ocds-148610-8ca0124c-91ee-4717-9504-e4f8603cfb60
2026-08-16;ZAMOWIENIE;Budowa Punktu Selektywnej Zbiórki Odpadów Komunalnych - Poprawa efektywności energetycznej nowego PSZOK w formule „zaprojektuj i wybuduj”;;;https://ezamowienia.gov.pl/mp-client/search/list/ocds-148610-68fd0997-8ab5-493e-a116-2c041577e0d4
2026-08-16;ZAMOWIENIE;Świadczenie usługi nadzoru inwestorskiego podczas realizacji inwestycji pn. Budowa instalacji fotowoltaicznej z magazynem energii w obiekcie CS PSP w Częstochowie w systemie zaprojektuj i wykonaj.;;;https://ezamowienia.gov.pl/mp-client/search/list/ocds-148610-2ae4eff1-a1a1-402d-a925-2fc06b63ec7a
2026-08-16;ZAMOWIENIE;FSZ – Działanie Nr 3 – Ośrodek „Dobry Początek” – przebudowa budynku użyteczności publicznej na cele budynku mieszkalnego, finansowanego ze środków Drugiej Edycji Szwajcarskiej Pomocy Finansowej.;;;https://ezamowienia.gov.pl/mp-client/search/list/ocds-148610-9476924a-9403-416b-aacd-f037cf0f92dc
2026-08-16;ZAMOWIENIE;Termomodernizacja budynku Starostwa Powiatowego w Busku-Zdroju;;;https://ezamowienia.gov.pl/mp-client/search/list/ocds-148610-7f6e1e1f-85a1-4bda-b475-1379c4263184
2026-08-16;ZAMOWIENIE;Budowa kompleksu sportowego Orlik w Rozwadzy;;;https://ezamowienia.gov.pl/mp-client/search/list/ocds-148610-6bd2c607-2c73-4f6e-a59c-55bb74b8cd43
